order_id,customer_name,email,order_date,order_amount,quantity,status,discount_code
ORD-1002,  RAVI GARCIA ,ravi.garcia2@example.com,08/03/2026,114.12,10 units,shipped,
ORD-1180,Diya Kim,diya.kim180@example.com,04/26/2026,404.57,9 units,shipped,WELCOME
ORD-1043,  RAVI KIM ,ravi.kim43@example.com,02/23/2026,469.77,3 units,shipped,SAVE10
ORD-1014,Chen Smith,chen.smith14@example.com,02/26/2026,80.66,3 units,shipped,VIP20
ORD-1060,Diya Kim,diya.kim60@example.com,09/17/2026,158.10,7 units,cancelled,WELCOME
ORD-1123,Priya Nguyen,priya.nguyen123@example.com,2026-01-15,486.71,10 units,pending,
ORD-1167,Chen Lee,chen.lee167@example.com,08/18/2026,390.12,9 units,shipped,VIP20
ORD-1059,Lena Singh,lena.singh59@example.com,02/05/2026,474.69,2 pcs,delivered,VIP20
ORD-1179,Ethan Lee,ethan.lee179@example.com,04/25/2026,424.40,6 units,pending,
ORD-1029,George Wong,george.wong29@example.com,08/18/2026,74.39,3 units,cancelled,VIP20
ORD-1151,Priya Kim,priya.kim151@example.com,06/23/2026,403.10,8 units,pending,WELCOME
ORD-1100,Diya Garcia,diya.garcia100@example.com,06/01/2026,117.60,3 units,SHIPPED,VIP20
ORD-1195,Diya Garcia,diya.garcia195@example.com,08/12/2026,296.49,9 units,pending,VIP20
ORD-1015,Mateo Singh,mateo.singh15@example.com,08/28/2026,266.91,9 units,shipped,SAVE10
ORD-1042,Hana Brown,hana.brown42@example.com,05/26/2026,83.08,9 units,shipped,
ORD-1179,Ethan Lee,ethan.lee179@example.com,04/25/2026,424.40,6 units,delivered,
ORD-1032,Priya Lee,priya.lee32@example.com,04/20/2026,433.00,1 units,cancelled,
ORD-1006,Tom Brown,tom.brown6@example.com,04/09/2026,353.76,-1 units,delivered,VIP20
ORD-1128,Nora Brown,nora.brown128@example.com,09/17/2026,137.25,1 units,delivered,SAVE10
ORD-1189,George Kim,george.kim189@example.com,04/19/2026,384.84,5 units, delivered,
ORD-1066,Hana Lee,hana.lee66@example.com,02/07/2026,230.43,10 units,cancelled,SAVE10
ORD-1115,Alice Nguyen,alice.nguyen115@example.com,04/28/2026,481.15,10 units,shipped,VIP20
ORD-1153,Ravi Nguyen,ravi.nguyen153@example.com,08/21/2026,,5 units,cancelled,SAVE10
ORD-1076,Priya Smith,priya.smith76@example.com,06/30/2026,152.81,7 units,pending,VIP20
ORD-1025,Bob Brown,bob.brown25@example.com,02/06/2026,259.51,-5 units,pending,WELCOME
ORD-1178,Bob Kim,not-an-email,06/09/2026,179.06,10 units,pending,SAVE10
ORD-1071,Priya Lee,priya.lee71@example.com,05/13/2026,377.13,5 units,cancelled,VIP20
ORD-1110,Jia Smith,jia.smith110@example.com,04/29/2026,147.61,5 units,SHIPPED,
ORD-1027,  DIYA NGUYEN ,diya.nguyen27@example.com,08/09/2026,180.38,7 units,shipped,
ORD-1070,Omar Jones,omar.jones70@example.com,09/16/2026,216.24,9 units,pending,
ORD-1036,Bob Wong,bob.wong36@example.com,02/11/2026,426.41,2 units,shipped,SAVE10
ORD-1103,Priya Lee,priya.lee103@example.com,06/24/2026,96.26,1 units,cancelled,
ORD-1130,Lena Brown,lena.brown130@example.com,07/13/2026,230.40,6 units,pending,SAVE10
ORD-1022,Ravi Garcia,ravi.garcia22@example.com,06/09/2026,,6 units,cancelled,WELCOME
ORD-1089,Alice Singh,alice.singh89@example.com,09/08/2026,57.24,6 units,pending,WELCOME
ORD-1104,Diya Nguyen,diya.nguyen104@example.com,07/25/2026,248.41,10 units,pending,
ORD-1038,Tom Nguyen,tom.nguyen38@example.com,08/03/2026,330.40,10 units,delivered,
ORD-1058,Mateo Jones,mateo.jones58@example.com,04/08/2026,131.09,7 units,pending,
ORD-1147,Tom Brown,tom.brown147@example.com,04/23/2026,320.13,10 units,pending,
ORD-1076,Priya Smith,priya.smith76@example.com,06/30/2026,152.81,7 units,pending,VIP20
ORD-1082,Priya Smith,priya.smith82@example.com,01/27/2026,499.95,6 units,shipped,WELCOME
ORD-1053,Priya Garcia,priya.garcia53@example.com,04/13/2026,409.21,8 units,Delivered,WELCOME
ORD-1144,Jia Garcia,jia.garcia144@example.com,07/16/2026,427.40,2 units,cancelled,VIP20
ORD-1074,George Nguyen,george.nguyen74@example.com,08/01/2026,206.76,9 units,cancelled,SAVE10
ORD-1050,Hana Nguyen,hana.nguyen50@example.com,07/01/2026,391.16,7 units,pending,SAVE10
ORD-1087,George Nguyen,george.nguyen87@example.com,05/05/2026,55.44,5 units,shipped,
ORD-1114,Omar Nguyen,omar.nguyen114@example.com,01/21/2026,445.26,6 units,delivered,WELCOME
ORD-1119,Nora Lee,nora.lee119@example.com,05/28/2026,332.98,7 units,shipped,
ORD-1028,  DIYA SMITH ,diya.smith28@example.com,07/26/2026,365.47,2 units,pending,WELCOME
ORD-1138,Jia Smith,jia.smith138@example.com,01/24/2026,165.57,1 units,delivered,WELCOME
ORD-1052,Nora Garcia,nora.garcia52@example.com,05/17/2026,83.80,?,shipped,SAVE10
ORD-1152,Hana Singh,hana.singh152@example.com,07/07/2026,49.70,7 units,delivered,
ORD-1083,Bob Smith,bob.smith83@example.com,05/07/2026,103.68,1 units,pending,
ORD-1062,  MATEO WONG ,mateo.wong62@example.com,01/01/2026,155.42,4 units,delivered,WELCOME
ORD-1149,Ethan Nguyen,ethan.nguyen149@example.com,06/01/2026,$166.73,7 units,pending,VIP20
ORD-1024,Sofia Garcia,sofia.garcia24@example.com,01/04/2026,40.14,1 units,shipped,WELCOME
ORD-1033,Alice Singh,alice.singh33@example.com,05/16/2026,463.63,8 units,cancelled,VIP20
ORD-1063,Omar Lee,omar.lee63@example.com,08/15/2026,339.44,9 units,pending,
ORD-1158,Sofia Patel,sofia.patel158@example.com,2026-08-01,329.19,8 units,cancelled,VIP20
ORD-1173,Diya Wong,diya.wong173@example.com,04/21/2026,$217.88,4 units,delivered,VIP20
ORD-1001,Sofia Singh,bob at example.com,01/17/2026,19.75,4 units,shipped,
ORD-1097,Sofia Brown,sofia.brown97@example.com,08/31/2026,278.97,6 units,Delivered,WELCOME
ORD-1181,Tom Kim,tom.kim181@example.com,01/15/2026,94.31,5 units,delivered,SAVE10
ORD-1194,Fatima Jones,fatima.jones194@example.com,08/24/2026,416.85,6 units,cancelled,
ORD-1188,Quinn Kim,quinn.kim188@example.com,01/24/2026,114.16,10 units,shipped,SAVE10
ORD-1040,Omar Brown,omar.brown40@example.com,02/07/2026,9.61,10 units,shipped,WELCOME
ORD-1050,Hana Nguyen,hana.nguyen50@example.com,07/01/2026,391.16,7 units,pending,
ORD-1154,Lena Nguyen,lena.nguyen154@example.com,04/30/2026,238.38,10 units,delivered,VIP20
ORD-1067,Priya Singh,priya.singh67@example.com,05/05/2026,$78.05,1 units,cancelled,VIP20
ORD-1183,Alice Nguyen,,04/21/2026,191.22,8 units,pending,
ORD-1096,Omar Smith,omar.smith96@example.com,02/17/2026,$150.65,7 units,delivered,SAVE10
ORD-1187,Quinn Nguyen,quinn.nguyen187@example.com,06/26/2026,217.81,5 units,cancelled,
ORD-1114,Omar Nguyen,omar.nguyen114@example.com,01/21/2026,445.26,6 units,delivered,
ORD-1198,Hana Nguyen,@example.com,03/16/2026,131.70,3 units,pending,
ORD-1124,Jia Wong,jia.wong124@example.com,01/08/2026,278.36,2 units,Shipped ,SAVE10
ORD-1019,Tom Brown,tom.brown19@example.com,09/08/2026,14.64,6 units,pending,
ORD-1116,Ivan Jones,ivan.jones116@example.com,01/21/2026,382.74,3 units,cancelled,WELCOME
ORD-1072,Hana Kim,hana.kim72@example.com,08/14/2026,43.35,5 units,delivered,
ORD-1049,Bob Kim,bob.kim49@example.com,07/06/2026,450.00,1 units,Pending,VIP20
ORD-1155,Tom Garcia,tom.garcia155@example.com,02/02/2026,319.52,8 units,cancelled,WELCOME
ORD-1071,Priya Lee,priya.lee71@example.com,05/13/2026,377.13,5 units,cancelled,VIP20
ORD-1030,Hana Nguyen,hana.nguyen30@example.com,08/15/2026,404.97,9 units,shipped,WELCOME
ORD-1008,Lena Brown,priya..patel@example,04/18/2026,336.74,2 units,pending,VIP20
ORD-1163,Sofia Garcia,,04/30/2026,167.64,3 units,shipped,
ORD-1185,Bob Patel,bob.patel185@example.com,03/22/2026,378.45,1 units,delivered,
ORD-1107,Jia Jones,jia.jones107@example.com,08/08/2026,,10 units,shipped,
ORD-1137,Chen Singh,chen.singh137@example.com,02/20/2026,381.38,2 units,pending,SAVE10
ORD-1018,Quinn Jones,quinn.jones18@example.com,04/12/2026,80.66,3 units,shipped,VIP20
ORD-1003,Fatima Singh,fatima.singh3@example.com,06/24/2026,142.55,4 units,shipped,SAVE10
ORD-1132,Priya Singh,,07/17/2026,494.26,3 units,shipped,VIP20
ORD-1135,Ivan Brown,ivan.brown135@example.com,07/23/2026,$326.67,6 units,cancelled,WELCOME
ORD-1065,Hana Kim,hana.kim65@example.com,04/26/2026,$404.25,3 units,shipped,VIP20
ORD-1165,Ethan Smith,ethan.smith165@example.com,07/03/2026,396.04,4 units,delivered,WELCOME
ORD-1039,Ivan Garcia,ivan.garcia39@example.com,06/10/2026,123.15,7 units,pending,VIP20
ORD-1136,Kofi Lee,kofi.lee136@example.com,01/19/2026,310.64,4 units,pending,WELCOME
ORD-1176,Chen Nguyen,chen.nguyen176@example.com,08/10/2026,52.80,6 units,shipped,
ORD-1177,Sofia Wong,sofia.wong177@example.com,06/18/2026,336.66,7 units,cancelled,SAVE10
ORD-1007,Chen Garcia,chen.garcia7@example.com,02/21/2026,,8 units,pending,SAVE10
ORD-1081,Kofi Singh,,05/23/2026,377.24,7 units,shipped,SAVE10
ORD-1035,Kofi Smith,,01/26/2026,294.17,9 units,pending,
ORD-1126,Nora Lee,nora.lee126@example.com,08/30/2026,125.65,9 units,cancelled,SAVE10
ORD-1078,Mateo Patel,mateo.patel78@example.com,08/28/2026,460.17,10 units,shipped,WELCOME
ORD-1045,George Kim,george.kim45@example.com,09/16/2026,246.82,1 units,cancelled,SAVE10
ORD-1093,Priya Brown,priya.brown93@example.com,04/04/2026,246.34,6 units,delivered,WELCOME
ORD-1193,Sofia Singh,sofia.singh193@example.com,08/02/2026,148.31,7 units,delivered,SAVE10
ORD-1113,Omar Nguyen,omar.nguyen113@example.com,08/28/2026,345.90,7 units,cancelled,SAVE10
ORD-1169,  OMAR SMITH ,omar.smith169@example.com,02/01/2026,499.30,7 units,shipped,VIP20
ORD-1056,Alice Nguyen,,05/14/2026,93.39,5 units,shipped,VIP20
ORD-1182,Alice Patel,alice.patel182@example.com,03/15/2026,285.33,7 units,pending,SAVE10
ORD-1195,Diya Garcia,diya.garcia195@example.com,08/12/2026,296.49,9 units,cancelled,
ORD-1054,Hana Garcia,hana.garcia54@example.com,01/13/2026,$331.72,7 units,delivered,VIP20
ORD-1145,Sofia Brown,sofia.brown145@example.com,06/01/2026,496.38,5 units,cancelled,
ORD-1125,Omar Nguyen,omar.nguyen125@example.com,03/20/2026,251.70,5 units,delivered,
ORD-1057,Tom Singh,tom.singh57@example.com,06/26/2026,365.63,6 units,shipped,
ORD-1039,Ivan Garcia,ivan.garcia39@example.com,06/10/2026,123.15,7 units,delivered,
ORD-1150,Ethan Wong,ethan.wong150@example.com,07/07/2026,267.77,5 units,delivered,
ORD-1143,Lena Jones,lena.jones143@example.com,06/03/2026,321.27,7 units,cancelled,WELCOME
ORD-1191,Ravi Garcia,ravi.garcia191@example.com,09/14/2026,281.57,6 units,cancelled,WELCOME
ORD-1156,  DIYA PATEL ,diya.patel156@example.com,01/24/2026,473.40,5 units,shipped,SAVE10
ORD-1013,Sofia Singh,sofia.singh13@example.com,07/24/2026,184.19,3 units,cancelled,SAVE10
ORD-1041,Chen Wong,jia.lee@,04/20/2026,255.41,3 units,shipped,VIP20
ORD-1037,Hana Singh,hana.singh37@example.com,03/03/2026,471.09,10 units,SHIPPED,VIP20
ORD-1142,Alice Lee,alice.lee142@example.com,05/28/2026,340.42,3 units,CANCELLED,SAVE10
ORD-1023,Diya Garcia,diya.garcia23@example.com,04/26/2026,36.69,1 units,pending,SAVE10
ORD-1105,Ethan Jones,ethan.jones105@example.com,06/05/2026,47.16,4 units,cancelled,
ORD-1077,Priya Garcia,priya.garcia77@example.com,05/20/2026,220.74,1 units,delivered,
ORD-1055,Chen Kim,chen.kim55@example.com,06/29/2026,322.53,7 units,delivered,SAVE10
ORD-1020,Bob Garcia,bob.garcia20@example.com,02/10/2026,47.40,8 units,Pending,
ORD-1108,George Garcia,george.garcia108@example.com,05/16/2026,331.91,3 units,pending,VIP20
ORD-1155,Tom Garcia,tom.garcia155@example.com,02/02/2026,319.52,8 units,cancelled,SAVE10
ORD-1068,Hana Patel,N/A,09/23/2026,234.95,9 units,shipped,VIP20
ORD-1140,  FATIMA PATEL ,fatima.patel140@example.com,02/10/2026,306.70,7 units,pending,VIP20
ORD-1133,Ethan Wong,ethan.wong133@example.com,06/19/2026,435.50,8 units,cancelled,
ORD-1127,George Jones,,09/18/2026,374.41,3 units,delivered,
ORD-1130,Lena Brown,lena.brown130@example.com,07/13/2026,230.40,6 units,pending,SAVE10
ORD-1181,Tom Kim,tom.kim181@example.com,01/15/2026,94.31,5 units,delivered,VIP20
ORD-1098,Lena Lee,lena.lee98@example.com,05/19/2026,156.78,4 units,pending,
ORD-1112,Ivan Patel,ivan.patel112@example.com,02/06/2026,34.52,5 units,delivered,WELCOME
ORD-1102,  ETHAN LEE ,ethan.lee102@example.com,02/22/2026,437.00,10 units,cancelled,WELCOME
ORD-1111,Hana Kim,hana.kim111@example.com,04/12/2026,215.44,9 units,pending,WELCOME
ORD-1094,Ivan Jones,ivan.jones94@example.com,05/22/2026,280.12,9 units,shipped,SAVE10
ORD-1031,Ravi Smith,ravi.smith31@example.com,02/17/2026,463.55,-4 units,cancelled,SAVE10
ORD-1069,Omar Patel,omar.patel69@example.com,08/26/2026,335.45,9 units,Delivered,SAVE10
ORD-1084,Hana Patel,hana.patel84@example.com,08/31/2026,336.38,10 units,cancelled,SAVE10
ORD-1012,Ethan Kim,ethan.kim12@example.com,03/13/2026,127.08,9 units, delivered,SAVE10
ORD-1184,Lena Kim,lena.kim184@example.com,06/16/2026,389.53,10 units,shipped,
ORD-1073,Kofi Brown,kofi.brown73@example.com,02/11/2026,73.50,4 units,pending,
ORD-1048,Ravi Smith,ravi.smith48@example.com,07/09/2026,293.34,3 units,pending,WELCOME
ORD-1166,Alice Patel,alice.patel166@example.com,05/16/2026,30.94,7 units,shipped,VIP20
ORD-1186,Omar Singh,omar.singh186@example.com,09/06/2026,305.50,7 units,pending,WELCOME
ORD-1121,Ravi Lee,ravi.lee121@example.com,07/31/2026,31.83,9 units,cancelled,
ORD-1172,Mateo Jones,mateo.jones172@example.com,05/31/2026,,10 units,shipped,VIP20
ORD-1101,Ravi Patel,ravi.patel101@example.com,05/21/2026,27.53,1 units,delivered,WELCOME
ORD-1131,Sofia Singh,sofia.singh131@example.com,2026-04-30,428.73,7 units,delivered,SAVE10
ORD-1079,Mateo Jones,mateo.jones79@example.com,01/14/2026,46.55,7 units,cancelled,WELCOME
ORD-1080,Fatima Smith,fatima.smith80@example.com,05/14/2026,192.66,4 units,delivered,SAVE10
ORD-1010,Kofi Smith,kofi.smith10@example.com,04/28/2026,411.79,6 units,delivered,
ORD-1159,Ivan Smith,ivan.smith159@example.com,07/09/2026,112.55,8 units,delivered,SAVE10
ORD-1174,Omar Singh,omar.singh174@example.com,08/01/2026,366.16,6 units,delivered,VIP20
ORD-1051,Hana Patel,hana.patel51@example.com,04/01/2026,441.30,1 units, delivered,SAVE10
ORD-1075,Bob Garcia,bob.garcia75@example.com,08/04/2026,197.79,10 units,CANCELLED,WELCOME
ORD-1009,Ravi Garcia,ravi.garcia9@example.com,03/25/2026,233.82,5 units,pending,VIP20
ORD-1117,Ivan Patel,ivan.patel117@example.com,2026-08-12,319.22,8 units,cancelled,WELCOME
ORD-1016,Ravi Kim,ravi.kim16@example.com,06/24/2026,60.22,7 units,cancelled,VIP20
ORD-1175,Ivan Brown,ivan.brown175@example.com,03/20/2026,344.98,8 units,SHIPPED,VIP20
ORD-1046,  IVAN SMITH ,ivan.smith46@example.com,01/02/2026,170.11,3 units,pending,WELCOME
ORD-1161,Omar Nguyen,omar.nguyen161@example.com,04/19/2026,322.64,10 units,shipped,VIP20
ORD-1122,Omar Smith,omar.smith122@example.com,04/15/2026,137.19,3 units,cancelled,VIP20
ORD-1118,Lena Singh,lena.singh118@example.com,06/20/2026,163.92,2 units,delivered,VIP20
ORD-1044,Diya Wong,diya.wong44@example.com,03/21/2026,139.81,10 units,delivered,
ORD-1164,Ivan Patel,ivan.patel164@example.com,03/08/2026,272.41,3 units,shipped,SAVE10
ORD-1086,Diya Jones,diya.jones86@example.com,01/14/2026,464.80,10 units,cancelled,SAVE10
ORD-1197,Quinn Wong,quinn.wong197@example.com,04/10/2026,453.43,6 units,Pending,
ORD-1083,Bob Smith,bob.smith83@example.com,05/07/2026,103.68,1 units,pending,
ORD-1190,Diya Smith,diya.smith190@example.com,09/12/2026,374.77,3 units,cancelled,
ORD-1034,Ravi Lee,ravi.lee34@example.com,03/21/2026,99.00,4 units,shipped,SAVE10
ORD-1085,Ivan Brown,ivan.brown85@example.com,03/27/2026,304.92,2 units,delivered,SAVE10
ORD-1148,Diya Smith,diya.smith148@example.com,06/08/2026,395.36,1 units,delivered,SAVE10
ORD-1026,Ravi Patel,ravi.patel26@example.com,08/31/2026,125.28,8 units,pending,
ORD-1160,Diya Brown,diya.brown160@example.com,07/03/2026,34.97,5 units,shipped,WELCOME
ORD-1168,Omar Wong,omar.wong168@example.com,2026-04-24,472.98,1 units,delivered,SAVE10
ORD-1089,Alice Singh,alice.singh89@example.com,09/08/2026,57.24,6 units,pending,VIP20
ORD-1088,Sofia Smith,sofia.smith88@example.com,06/27/2026,268.71,6 units,delivered,VIP20
ORD-1199,Chen Patel,chen.patel199@example.com,09/10/2026,234.66,10 units,cancelled,VIP20
ORD-1091,Omar Singh,omar.singh91@example.com,05/18/2026,164.54,4 units, delivered,WELCOME
ORD-1004,Chen Singh,chen.singh4@example.com,02/19/2026,182.69,6 units, delivered,
ORD-1064,Chen Kim,chen.kim64@example.com,09/21/2026,333.61,10 units,SHIPPED,WELCOME
ORD-1095,Hana Singh,hana.singh95@example.com,09/08/2026,279.81,4 units,cancelled,VIP20
ORD-1192,Bob Singh,bob.singh192@example.com,01/10/2026,232.58,2 units,Canceled,VIP20
ORD-1162,Kofi Garcia,kofi.garcia162@example.com,03/06/2026,394.55,4 units,pending,WELCOME
ORD-1011,Chen Garcia,chen.garcia11@example.com,06/11/2026,$110.25,8 units,cancelled,VIP20
ORD-1120,Omar Nguyen,omar.nguyen120@example.com,06/11/2026,129.94,2 units,shipped,SAVE10
ORD-1099,Kofi Nguyen,kofi.nguyen99@example.com,04/05/2026,99.81,8 units,delivered,
ORD-1005,Bob Lee,bob.lee5@example.com,03/05/2026,486.69,three,delivered,WELCOME
ORD-1141,Priya Jones,priya.jones141@example.com,03/15/2026,119.93,5 units,delivered,WELCOME
ORD-1196,Jia Brown,jia.brown196@example.com,04/24/2026,169.87,3 units,shipped,WELCOME
ORD-1129,Sofia Jones,sofia.jones129@example.com,09/08/2026,433.30,8 units,cancelled,WELCOME
ORD-1139,Lena Singh,lena.singh139@example.com,03/16/2026,125.88,-7 units,pending,
ORD-1119,Nora Lee,nora.lee119@example.com,05/28/2026,332.98,7 units,shipped,VIP20
ORD-1017,Alice Kim,alice.kim17@example.com,09/14/2026,382.17,9 units,delivered,VIP20
ORD-1092,Omar Garcia,omar.garcia92@example.com,08/26/2026,287.08,7 units,shipped,WELCOME
ORD-1134,Alice Patel,alice.patel134@example.com,07/29/2026,436.11,3 units,cancelled,WELCOME
ORD-1021,Ethan Lee,ethan.lee21@example.com,03/26/2026,136.20,10 units,pending,SAVE10
ORD-1171,Chen Patel,chen.patel171@example.com,05/21/2026,314.04,10 units,delivered,SAVE10
ORD-1170,Priya Lee,priya.lee170@example.com,02/07/2026,450.14,6 units,pending,VIP20
ORD-1047,Omar Wong,omar.wong47@example.com,08/07/2026,282.65,2 units,pending,SAVE10
ORD-1106,Tom Jones,tom.jones106@example.com,2026-04-26,388.97,7 units,cancelled,WELCOME
ORD-1146,Ivan Smith,ivan.smith146@example.com,01/26/2026,455.76,8 units,pending,WELCOME
ORD-1061,Jia Wong,jia.wong61@example.com,03/07/2026,,7 units,delivered,VIP20
ORD-1090,Nora Patel,nora.patel90@example.com,09/25/2026,482.91,5 units,cancelled,SAVE10
ORD-1157,Diya Garcia,diya.garcia157@example.com,03/11/2026,197.38,6 units,cancelled,WELCOME
ORD-1000,Diya Smith,,05/21/2026,126.22,3 units,shipped,
ORD-1109,Ravi Nguyen,ravi.nguyen109@example.com,03/22/2026,6.32,8 units,cancelled,SAVE10
