order_id,customer_name,email,order_date,amount_usd,quantity,country,status
ORD-1002,  RAVI GARCIA ,ravi.garcia2@example.com,08/03/2026,11412,10,India,shipped
ORD-1180,Diya Kim,diya.kim180@example.com,04/26/2026,40457,9,Singapore,shipped
ORD-1043,  RAVI KIM ,ravi.kim43@example.com,02/23/2026,46977,3,India,shipped
ORD-1014,Chen Smith,chen.smith14@example.com,02/26/2026,8066,3,United Kingdom,shipped
ORD-1060,Diya Kim,diya.kim60@example.com,09/17/2026,15810,7,IND,cancelled
ORD-1123,Priya Nguyen,priya.nguyen123@example.com,2026-01-15,48671,10,United States,pending
ORD-1167,Chen Lee,chen.lee167@example.com,08/18/2026,39012,9,singapore,shipped
ORD-1059,Lena Singh,lena.singh59@example.com,02/05/2026,47469,2 pcs,Singapore,delivered
ORD-1179,Ethan Lee,ethan.lee179@example.com,04/25/2026,42440,6,Singapore,pending
ORD-1029,George Wong,george.wong29@example.com,08/18/2026,7439,3,india,cancelled
ORD-1151,Priya Kim,priya.kim151@example.com,06/23/2026,40310,8,Australia,pending
ORD-1100,Diya Garcia,diya.garcia100@example.com,06/01/2026,11760,3,India,SHIPPED
ORD-1195,Diya Garcia,diya.garcia195@example.com,08/12/2026,29649,9,Australia,pending
ORD-1015,Mateo Singh,mateo.singh15@example.com,08/28/2026,26691,9,Australia,shipped
ORD-1042,Hana Brown,hana.brown42@example.com,05/26/2026,8308,9,India,shipped
ORD-1179,Ethan Lee,ethan.lee179@example.com,04/25/2026,42440,6,Singapore,delivered
ORD-1032,Priya Lee,priya.lee32@example.com,04/20/2026,43300,1,United States,cancelled
ORD-1006,Tom Brown,tom.brown6@example.com,04/09/2026,35376,-1,United States,delivered
ORD-1128,Nora Brown,nora.brown128@example.com,09/17/2026,13725,1,India,delivered
ORD-1189,George Kim,george.kim189@example.com,04/19/2026,38484,5,India, delivered
ORD-1066,Hana Lee,hana.lee66@example.com,02/07/2026,23043,10,,cancelled
ORD-1115,Alice Nguyen,alice.nguyen115@example.com,04/28/2026,48115,10,Singapore,shipped
ORD-1153,Ravi Nguyen,ravi.nguyen153@example.com,08/21/2026,,5,Singapore,cancelled
ORD-1076,Priya Smith,priya.smith76@example.com,06/30/2026,15281,7,United Kingdom,pending
ORD-1025,Bob Brown,bob.brown25@example.com,02/06/2026,25951,-5,United Kingdom,pending
ORD-1178,Bob Kim,not-an-email,06/09/2026,17906,10,Singapore,pending
ORD-1071,Priya Lee,priya.lee71@example.com,05/13/2026,37713,5,Singapore,cancelled
ORD-1110,Jia Smith,jia.smith110@example.com,04/29/2026,14761,5,United Kingdom,SHIPPED
ORD-1027,  DIYA NGUYEN ,diya.nguyen27@example.com,08/09/2026,18038,7,United Kingdom,shipped
ORD-1070,Omar Jones,omar.jones70@example.com,09/16/2026,21624,9,United Kingdom,pending
ORD-1036,Bob Wong,bob.wong36@example.com,02/11/2026,42641,2,Singapore,shipped
ORD-1103,Priya Lee,priya.lee103@example.com,06/24/2026,9626,1,india,cancelled
ORD-1130,Lena Brown,lena.brown130@example.com,07/13/2026,23040,6,United States,pending
ORD-1022,Ravi Garcia,ravi.garcia22@example.com,06/09/2026,,6,United Kingdom,cancelled
ORD-1089,Alice Singh,alice.singh89@example.com,09/08/2026,5724,6,United Kingdom,pending
ORD-1104,Diya Nguyen,diya.nguyen104@example.com,07/25/2026,24841,10,Australia,pending
ORD-1038,Tom Nguyen,tom.nguyen38@example.com,08/03/2026,33040,10,Singapore,delivered
ORD-1058,Mateo Jones,mateo.jones58@example.com,04/08/2026,13109,7,AUS,pending
ORD-1147,Tom Brown,tom.brown147@example.com,04/23/2026,32013,10,India,pending
ORD-1076,Priya Smith,priya.smith76@example.com,06/30/2026,15281,7,United Kingdom,pending
ORD-1082,Priya Smith,priya.smith82@example.com,01/27/2026,49995,6,United States,shipped
ORD-1053,Priya Garcia,priya.garcia53@example.com,04/13/2026,40921,8,India,Delivered
ORD-1144,Jia Garcia,jia.garcia144@example.com,07/16/2026,42740,2,United States,cancelled
ORD-1074,George Nguyen,george.nguyen74@example.com,08/01/2026,20676,9,United Kingdom,cancelled
ORD-1050,Hana Nguyen,hana.nguyen50@example.com,07/01/2026,39116,7,Singapore,pending
ORD-1087,George Nguyen,george.nguyen87@example.com,05/05/2026,5544,5,Singapore,shipped
ORD-1114,Omar Nguyen,omar.nguyen114@example.com,01/21/2026,44526,6,Singapore,delivered
ORD-1119,Nora Lee,nora.lee119@example.com,05/28/2026,33298,7,Singapore,shipped
ORD-1028,  DIYA SMITH ,diya.smith28@example.com,07/26/2026,36547,2,United States,pending
ORD-1138,Jia Smith,jia.smith138@example.com,01/24/2026,16557,1,india,delivered
ORD-1052,Nora Garcia,nora.garcia52@example.com,05/17/2026,8380,?,United Kingdom,shipped
ORD-1152,Hana Singh,hana.singh152@example.com,07/07/2026,4970,7,Australia,delivered
ORD-1083,Bob Smith,bob.smith83@example.com,05/07/2026,10368,1,Singapore,pending
ORD-1062,  MATEO WONG ,mateo.wong62@example.com,01/01/2026,15542,4,United Kingdom,delivered
ORD-1149,Ethan Nguyen,ethan.nguyen149@example.com,06/01/2026,$16673,7,United States,pending
ORD-1024,Sofia Garcia,sofia.garcia24@example.com,01/04/2026,4014,1,United States,shipped
ORD-1033,Alice Singh,alice.singh33@example.com,05/16/2026,46363,8,,cancelled
ORD-1063,Omar Lee,omar.lee63@example.com,08/15/2026,33944,9,United Kingdom,pending
ORD-1158,Sofia Patel,sofia.patel158@example.com,2026-08-01,32919,8,Singapore,cancelled
ORD-1173,Diya Wong,diya.wong173@example.com,04/21/2026,$21788,4,United Kingdom,delivered
ORD-1001,Sofia Singh,bob at example.com,01/17/2026,1975,4,United States,shipped
ORD-1097,Sofia Brown,sofia.brown97@example.com,08/31/2026,27897,6,United Kingdom,Delivered
ORD-1181,Tom Kim,tom.kim181@example.com,01/15/2026,9431,5,India,delivered
ORD-1194,Fatima Jones,fatima.jones194@example.com,08/24/2026,41685,6,Australia,cancelled
ORD-1188,Quinn Kim,quinn.kim188@example.com,01/24/2026,11416,10,australia,shipped
ORD-1040,Omar Brown,omar.brown40@example.com,02/07/2026,961,10,Singapore,shipped
ORD-1050,Hana Nguyen,hana.nguyen50@example.com,07/01/2026,39116,7,Singapore,pending
ORD-1154,Lena Nguyen,lena.nguyen154@example.com,04/30/2026,23838,10,Singapore,delivered
ORD-1067,Priya Singh,priya.singh67@example.com,05/05/2026,$7805,1,Australia,cancelled
ORD-1183,Alice Nguyen,,04/21/2026,19122,8,India,pending
ORD-1096,Omar Smith,omar.smith96@example.com,02/17/2026,$15065,7,United States,delivered
ORD-1187,Quinn Nguyen,quinn.nguyen187@example.com,06/26/2026,21781,5,SG,cancelled
ORD-1114,Omar Nguyen,omar.nguyen114@example.com,01/21/2026,44526,6,Singapore,delivered
ORD-1198,Hana Nguyen,@example.com,03/16/2026,13170,3,Singapore,pending
ORD-1124,Jia Wong,jia.wong124@example.com,01/08/2026,27836,2,United States,Shipped 
ORD-1019,Tom Brown,tom.brown19@example.com,09/08/2026,1464,6,India,pending
ORD-1116,Ivan Jones,ivan.jones116@example.com,01/21/2026,38274,3,United Kingdom,cancelled
ORD-1072,Hana Kim,hana.kim72@example.com,08/14/2026,4335,5,United States,delivered
ORD-1049,Bob Kim,bob.kim49@example.com,07/06/2026,45000,1,India,Pending
ORD-1155,Tom Garcia,tom.garcia155@example.com,02/02/2026,31952,8,India,cancelled
ORD-1071,Priya Lee,priya.lee71@example.com,05/13/2026,37713,5,Singapore,cancelled
ORD-1030,Hana Nguyen,hana.nguyen30@example.com,08/15/2026,40497,9,australia,shipped
ORD-1008,Lena Brown,priya..patel@example,04/18/2026,33674,2,Singapore,pending
ORD-1163,Sofia Garcia,,04/30/2026,16764,3,Singapore,shipped
ORD-1185,Bob Patel,bob.patel185@example.com,03/22/2026,37845,1,Australia,delivered
ORD-1107,Jia Jones,jia.jones107@example.com,08/08/2026,,10,Australia,shipped
ORD-1137,Chen Singh,chen.singh137@example.com,02/20/2026,38138,2,uk,pending
ORD-1018,Quinn Jones,quinn.jones18@example.com,04/12/2026,8066,3,Singapore,shipped
ORD-1003,Fatima Singh,fatima.singh3@example.com,06/24/2026,14255,4,,shipped
ORD-1132,Priya Singh,,07/17/2026,49426,3,United Kingdom,shipped
ORD-1135,Ivan Brown,ivan.brown135@example.com,07/23/2026,$32667,6,Singapore,cancelled
ORD-1065,Hana Kim,hana.kim65@example.com,04/26/2026,$40425,3,Australia,shipped
ORD-1165,Ethan Smith,ethan.smith165@example.com,07/03/2026,39604,4,Singapore,delivered
ORD-1039,Ivan Garcia,ivan.garcia39@example.com,06/10/2026,12315,7,United States,pending
ORD-1136,Kofi Lee,kofi.lee136@example.com,01/19/2026,31064,4,IND,pending
ORD-1176,Chen Nguyen,chen.nguyen176@example.com,08/10/2026,5280,6,United States,shipped
ORD-1177,Sofia Wong,sofia.wong177@example.com,06/18/2026,33666,7,India,cancelled
ORD-1007,Chen Garcia,chen.garcia7@example.com,02/21/2026,,8,India,pending
ORD-1081,Kofi Singh,,05/23/2026,37724,7,India,shipped
ORD-1035,Kofi Smith,,01/26/2026,29417,9,Singapore,pending
ORD-1126,Nora Lee,nora.lee126@example.com,08/30/2026,12565,9,US,cancelled
ORD-1078,Mateo Patel,mateo.patel78@example.com,08/28/2026,46017,10,singapore,shipped
ORD-1045,George Kim,george.kim45@example.com,09/16/2026,24682,1,AU,cancelled
ORD-1093,Priya Brown,priya.brown93@example.com,04/04/2026,24634,6,India,delivered
ORD-1193,Sofia Singh,sofia.singh193@example.com,08/02/2026,14831,7,Australia,delivered
ORD-1113,Omar Nguyen,omar.nguyen113@example.com,08/28/2026,34590,7,India,cancelled
ORD-1169,  OMAR SMITH ,omar.smith169@example.com,02/01/2026,49930,7,United Kingdom,shipped
ORD-1056,Alice Nguyen,,05/14/2026,9339,5,Australia,shipped
ORD-1182,Alice Patel,alice.patel182@example.com,03/15/2026,28533,7,Australia,pending
ORD-1195,Diya Garcia,diya.garcia195@example.com,08/12/2026,29649,9,Australia,cancelled
ORD-1054,Hana Garcia,hana.garcia54@example.com,01/13/2026,$33172,7,India,delivered
ORD-1145,Sofia Brown,sofia.brown145@example.com,06/01/2026,49638,5,Australia,cancelled
ORD-1125,Omar Nguyen,omar.nguyen125@example.com,03/20/2026,25170,5,,delivered
ORD-1057,Tom Singh,tom.singh57@example.com,06/26/2026,36563,6,UK,shipped
ORD-1039,Ivan Garcia,ivan.garcia39@example.com,06/10/2026,12315,7,United States,delivered
ORD-1150,Ethan Wong,ethan.wong150@example.com,07/07/2026,26777,5,United states,delivered
ORD-1143,Lena Jones,lena.jones143@example.com,06/03/2026,32127,7,India,cancelled
ORD-1191,Ravi Garcia,ravi.garcia191@example.com,09/14/2026,28157,6,Australia,cancelled
ORD-1156,  DIYA PATEL ,diya.patel156@example.com,01/24/2026,47340,5,United Kingdom,shipped
ORD-1013,Sofia Singh,sofia.singh13@example.com,07/24/2026,18419,3,Singapore,cancelled
ORD-1041,Chen Wong,jia.lee@,04/20/2026,25541,3,India,shipped
ORD-1037,Hana Singh,hana.singh37@example.com,03/03/2026,47109,10,United States,SHIPPED
ORD-1142,Alice Lee,alice.lee142@example.com,05/28/2026,34042,3,Australia,CANCELLED
ORD-1023,Diya Garcia,diya.garcia23@example.com,04/26/2026,3669,1,Singapore,pending
ORD-1105,Ethan Jones,ethan.jones105@example.com,06/05/2026,4716,4,,cancelled
ORD-1077,Priya Garcia,priya.garcia77@example.com,05/20/2026,22074,1,United Kingdom,delivered
ORD-1055,Chen Kim,chen.kim55@example.com,06/29/2026,32253,7,SG,delivered
ORD-1020,Bob Garcia,bob.garcia20@example.com,02/10/2026,4740,8,Australia,Pending
ORD-1108,George Garcia,george.garcia108@example.com,05/16/2026,33191,3,USA,pending
ORD-1155,Tom Garcia,tom.garcia155@example.com,02/02/2026,31952,8,India,cancelled
ORD-1068,Hana Patel,N/A,09/23/2026,23495,9,United States,shipped
ORD-1140,  FATIMA PATEL ,fatima.patel140@example.com,02/10/2026,30670,7,Singapore,pending
ORD-1133,Ethan Wong,ethan.wong133@example.com,06/19/2026,43550,8,Australia,cancelled
ORD-1127,George Jones,,09/18/2026,37441,3,Australia,delivered
ORD-1130,Lena Brown,lena.brown130@example.com,07/13/2026,23040,6,United States,pending
ORD-1181,Tom Kim,tom.kim181@example.com,01/15/2026,9431,5,India,delivered
ORD-1098,Lena Lee,lena.lee98@example.com,05/19/2026,15678,4,Australia,pending
ORD-1112,Ivan Patel,ivan.patel112@example.com,02/06/2026,3452,5,Singapore,delivered
ORD-1102,  ETHAN LEE ,ethan.lee102@example.com,02/22/2026,43700,10,India,cancelled
ORD-1111,Hana Kim,hana.kim111@example.com,04/12/2026,21544,9,United States,pending
ORD-1094,Ivan Jones,ivan.jones94@example.com,05/22/2026,28012,9,United States,shipped
ORD-1031,Ravi Smith,ravi.smith31@example.com,02/17/2026,46355,-4,United States,cancelled
ORD-1069,Omar Patel,omar.patel69@example.com,08/26/2026,33545,9,Singapore,Delivered
ORD-1084,Hana Patel,hana.patel84@example.com,08/31/2026,33638,10,United States,cancelled
ORD-1012,Ethan Kim,ethan.kim12@example.com,03/13/2026,12708,9,Singapore, delivered
ORD-1184,Lena Kim,lena.kim184@example.com,06/16/2026,38953,10,SG,shipped
ORD-1073,Kofi Brown,kofi.brown73@example.com,02/11/2026,7350,4,United Kingdom,pending
ORD-1048,Ravi Smith,ravi.smith48@example.com,07/09/2026,29334,3,United Kingdom,pending
ORD-1166,Alice Patel,alice.patel166@example.com,05/16/2026,3094,7,Singapore,shipped
ORD-1186,Omar Singh,omar.singh186@example.com,09/06/2026,30550,7,India,pending
ORD-1121,Ravi Lee,ravi.lee121@example.com,07/31/2026,3183,9,India,cancelled
ORD-1172,Mateo Jones,mateo.jones172@example.com,05/31/2026,,10,United Kingdom,shipped
ORD-1101,Ravi Patel,ravi.patel101@example.com,05/21/2026,2753,1,SG,delivered
ORD-1131,Sofia Singh,sofia.singh131@example.com,2026-04-30,42873,7,Australia,delivered
ORD-1079,Mateo Jones,mateo.jones79@example.com,01/14/2026,4655,7,United States,cancelled
ORD-1080,Fatima Smith,fatima.smith80@example.com,05/14/2026,19266,4,United Kingdom,delivered
ORD-1010,Kofi Smith,kofi.smith10@example.com,04/28/2026,41179,6,United Kingdom,delivered
ORD-1159,Ivan Smith,ivan.smith159@example.com,07/09/2026,11255,8,United States,delivered
ORD-1174,Omar Singh,omar.singh174@example.com,08/01/2026,36616,6,United Kingdom,delivered
ORD-1051,Hana Patel,hana.patel51@example.com,04/01/2026,44130,1,United States, delivered
ORD-1075,Bob Garcia,bob.garcia75@example.com,08/04/2026,19779,10,Australia,CANCELLED
ORD-1009,Ravi Garcia,ravi.garcia9@example.com,03/25/2026,23382,5,Singapore,pending
ORD-1117,Ivan Patel,ivan.patel117@example.com,2026-08-12,31922,8,Australia,cancelled
ORD-1016,Ravi Kim,ravi.kim16@example.com,06/24/2026,6022,7,United States,cancelled
ORD-1175,Ivan Brown,ivan.brown175@example.com,03/20/2026,34498,8,Australia,SHIPPED
ORD-1046,  IVAN SMITH ,ivan.smith46@example.com,01/02/2026,17011,3,India,pending
ORD-1161,Omar Nguyen,omar.nguyen161@example.com,04/19/2026,32264,10,Australia,shipped
ORD-1122,Omar Smith,omar.smith122@example.com,04/15/2026,13719,3,India,cancelled
ORD-1118,Lena Singh,lena.singh118@example.com,06/20/2026,16392,2,United States,delivered
ORD-1044,Diya Wong,diya.wong44@example.com,03/21/2026,13981,10,United States,delivered
ORD-1164,Ivan Patel,ivan.patel164@example.com,03/08/2026,27241,3,Australia,shipped
ORD-1086,Diya Jones,diya.jones86@example.com,01/14/2026,46480,10,United Kingdom,cancelled
ORD-1197,Quinn Wong,quinn.wong197@example.com,04/10/2026,45343,6,India,Pending
ORD-1083,Bob Smith,bob.smith83@example.com,05/07/2026,10368,1,Singapore,pending
ORD-1190,Diya Smith,diya.smith190@example.com,09/12/2026,37477,3,United States,cancelled
ORD-1034,Ravi Lee,ravi.lee34@example.com,03/21/2026,9900,4,australia,shipped
ORD-1085,Ivan Brown,ivan.brown85@example.com,03/27/2026,30492,2,United States,delivered
ORD-1148,Diya Smith,diya.smith148@example.com,06/08/2026,39536,1,Singapore,delivered
ORD-1026,Ravi Patel,ravi.patel26@example.com,08/31/2026,12528,8,United Kingdom,pending
ORD-1160,Diya Brown,diya.brown160@example.com,07/03/2026,3497,5,United States,shipped
ORD-1168,Omar Wong,omar.wong168@example.com,2026-04-24,47298,1,Singapore,delivered
ORD-1089,Alice Singh,alice.singh89@example.com,09/08/2026,5724,6,United Kingdom,pending
ORD-1088,Sofia Smith,sofia.smith88@example.com,06/27/2026,26871,6,AUS,delivered
ORD-1199,Chen Patel,chen.patel199@example.com,09/10/2026,23466,10,SG,cancelled
ORD-1091,Omar Singh,omar.singh91@example.com,05/18/2026,16454,4,Australia, delivered
ORD-1004,Chen Singh,chen.singh4@example.com,02/19/2026,18269,6,Singapore, delivered
ORD-1064,Chen Kim,chen.kim64@example.com,09/21/2026,33361,10,India,SHIPPED
ORD-1095,Hana Singh,hana.singh95@example.com,09/08/2026,27981,4,United Kingdom,cancelled
ORD-1192,Bob Singh,bob.singh192@example.com,01/10/2026,23258,2,India,Canceled
ORD-1162,Kofi Garcia,kofi.garcia162@example.com,03/06/2026,39455,4,Australia,pending
ORD-1011,Chen Garcia,chen.garcia11@example.com,06/11/2026,$11025,8,United Kingdom,cancelled
ORD-1120,Omar Nguyen,omar.nguyen120@example.com,06/11/2026,12994,2,United Kingdom,shipped
ORD-1099,Kofi Nguyen,kofi.nguyen99@example.com,04/05/2026,9981,8,India,delivered
ORD-1005,Bob Lee,bob.lee5@example.com,03/05/2026,48669,three,Australia,delivered
ORD-1141,Priya Jones,priya.jones141@example.com,03/15/2026,11993,5,United Kingdom,delivered
ORD-1196,Jia Brown,jia.brown196@example.com,04/24/2026,16987,3,AUS,shipped
ORD-1129,Sofia Jones,sofia.jones129@example.com,09/08/2026,43330,8,Singapore,cancelled
ORD-1139,Lena Singh,lena.singh139@example.com,03/16/2026,12588,-7,Singapore,pending
ORD-1119,Nora Lee,nora.lee119@example.com,05/28/2026,33298,7,Singapore,shipped
ORD-1017,Alice Kim,alice.kim17@example.com,09/14/2026,38217,9,Australia,delivered
ORD-1092,Omar Garcia,omar.garcia92@example.com,08/26/2026,28708,7,India,shipped
ORD-1134,Alice Patel,alice.patel134@example.com,07/29/2026,43611,3,Australia,cancelled
ORD-1021,Ethan Lee,ethan.lee21@example.com,03/26/2026,13620,10,United Kingdom,pending
ORD-1171,Chen Patel,chen.patel171@example.com,05/21/2026,31404,10,Singapore,delivered
ORD-1170,Priya Lee,priya.lee170@example.com,02/07/2026,45014,6,Singapore,pending
ORD-1047,Omar Wong,omar.wong47@example.com,08/07/2026,28265,2,australia,pending
ORD-1106,Tom Jones,tom.jones106@example.com,2026-04-26,38897,7,United Kingdom,cancelled
ORD-1146,Ivan Smith,ivan.smith146@example.com,01/26/2026,45576,8,India,pending
ORD-1061,Jia Wong,jia.wong61@example.com,03/07/2026,,7,United States,delivered
ORD-1090,Nora Patel,nora.patel90@example.com,09/25/2026,48291,5,Singapore,cancelled
ORD-1157,Diya Garcia,diya.garcia157@example.com,03/11/2026,19738,6,Singapore,cancelled
ORD-1000,Diya Smith,,05/21/2026,12622,3,Australia,shipped
ORD-1109,Ravi Nguyen,ravi.nguyen109@example.com,03/22/2026,632,8,Singapore,cancelled
